timestamp,firstname,city,address,custom2,custom3,custom4
2020-10-20 03:48:58,,Kolkata,eqewfsd,qwqdds,option 1,3
2020-10-20 03:53:12,,Kolkata,eqewfsd,qwqdds,option 1,3
2020-10-20 03:54:30,,Kolkata,eqewfsd,qwqdds,option 1,3
2020-10-20 03:55:06,,Kolkata,eqewfsd,qwqdds,option 1,3
2020-10-20 03:56:29,,Kolkata,eqewfsd,qwqdds,option 1,3
2020-10-20 03:57:14,,Kolkata,eqewfsd,qwqdds,option 1,3
2020-10-20 03:58:07,,Kolkata,fsdzx,sdf,option 1,1
2020-10-20 03:58:46,sdfssd,Kolkata,fsdzx,sdf,option 1,1
2020-10-20 03:59:10,sdfssd,Kolkata,fsdzx,sdf,option 1,1
2020-10-20 04:00:55,sdfssd,Kolkata,fsdzx,sdf,option 1,1
2020-10-20 04:06:41,sdfssd,Kolkata,fsdzx,sdf,option 1,1
2020-10-20 04:07:41,sdfssd,Kolkata,fsdzx,sdf,option 1,1
2020-10-21 09:28:14,SAYED,Kolkata,52 Nando Ghosh Road,Googlw,.com,1490
2020-10-26 19:04:37,SAYED,Kolkata,wqed,wqe,dwds,1
2020-10-26 19:05:00,213re,Kolkata,qewqregfd,qeqwefw,qewqf,23
